date,max_block_number
2015-07-30,6911
2015-07-31,13774
2015-08-01,19067
2015-08-02,24425
2015-08-03,29705
2015-08-04,35073
2015-08-05,40308
2015-08-06,45424
2015-08-07,50613
2015-08-08,55869
2015-08-09,60992
2015-08-10,66247
2015-08-11,71527
2015-08-12,76651
2015-08-13,81937
2015-08-14,87746
2015-08-15,93128
2015-08-16,98260
2015-08-17,103607
2015-08-18,108555
2015-08-19,113747
2015-08-20,117771
2015-08-21,122859
2015-08-22,128130
2015-08-23,133143
2015-08-24,138327
2015-08-25,143424
2015-08-26,148427
2015-08-27,153135
2015-08-28,157788
2015-08-29,162117
2015-08-30,166272
2015-08-31,170394
2015-09-01,174332
2015-09-02,177909
2015-09-03,181292
2015-09-04,185735
2015-09-05,190656
2015-09-06,195634
2015-09-07,200468
2015-09-08,205391
2015-09-09,210426
2015-09-10,215429
2015-09-11,220570
2015-09-12,225596
2015-09-13,230567
2015-09-14,235418
2015-09-15,240260
2015-09-16,245216
2015-09-17,250024
2015-09-18,254913
2015-09-19,259991
2015-09-20,265296
2015-09-21,270371
2015-09-22,275422
2015-09-23,280587
2015-09-24,285608
2015-09-25,290734
2015-09-26,295664
2015-09-27,300437
2015-09-28,305175
2015-09-29,309815
2015-09-30,314572
2015-10-01,319782
2015-10-02,324925
2015-10-03,330002
2015-10-04,334888
2015-10-05,339897
2015-10-06,344703
2015-10-07,349707
2015-10-08,354859
2015-10-09,359764
2015-10-10,364660
2015-10-11,369733
2015-10-12,374881
2015-10-13,379989
2015-10-14,384923
2015-10-15,389849
2015-10-16,394732
2015-10-17,399788
2015-10-18,404733
2015-10-19,409708
2015-10-20,414698
2015-10-21,419688
2015-10-22,424523
2015-10-23,429786
2015-10-24,434957
2015-10-25,440053
2015-10-26,444961
2015-10-27,450181
2015-10-28,455148
2015-10-29,460306
2015-10-30,465538
2015-10-31,470667
2015-11-01,475825
2015-11-02,480849
2015-11-03,485934
2015-11-04,491059
2015-11-05,496162
2015-11-06,501304
2015-11-07,506226
2015-11-08,511247
2015-11-09,516271
2015-11-10,521324
2015-11-11,526352
2015-11-12,531431
2015-11-13,536550
2015-11-14,541677
2015-11-15,546872
2015-11-16,551911
2015-11-17,557074
2015-11-18,562149
2015-11-19,567126
2015-11-20,571847
2015-11-21,576882
2015-11-22,581931
2015-11-23,587020
2015-11-24,592021
2015-11-25,596961
2015-11-26,601901
2015-11-27,607075
2015-11-28,612083
2015-11-29,617133
2015-11-30,622213
2015-12-01,627291
2015-12-02,632115
2015-12-03,637320
2015-12-04,642328
2015-12-05,647334
2015-12-06,652247
2015-12-07,657218
2015-12-08,662129
2015-12-09,667337
2015-12-10,672481
2015-12-11,677543
2015-12-12,682619
2015-12-13,687899
2015-12-14,692898
2015-12-15,697968
2015-12-16,702950
2015-12-17,708010
2015-12-18,713030
2015-12-19,718068
2015-12-20,723015
2015-12-21,727991
2015-12-22,733120
2015-12-23,738232
2015-12-24,743250
2015-12-25,748330
2015-12-26,753334
2015-12-27,758352
2015-12-28,763433
2015-12-29,768414
2015-12-30,773442
2015-12-31,778482
2016-01-01,783367
2016-01-02,788462
2016-01-03,793596
2016-01-04,798692
2016-01-05,803818
2016-01-06,808908
2016-01-07,813889
2016-01-08,819065
2016-01-09,824164
2016-01-10,829257
2016-01-11,834364
2016-01-12,839294
2016-01-13,844296
2016-01-14,849386
2016-01-15,854470
2016-01-16,859516
2016-01-17,864552
2016-01-18,869624
2016-01-19,874596
2016-01-20,879634
2016-01-21,884597
2016-01-22,889604
2016-01-23,894532
2016-01-24,899700
2016-01-25,904581
2016-01-26,909733
2016-01-27,914716
2016-01-28,919775
2016-01-29,924756
2016-01-30,929773
2016-01-31,934645
2016-02-01,939660
2016-02-02,944615
2016-02-03,949814
2016-02-04,954876
2016-02-05,959922
2016-02-06,964909
2016-02-07,969996
2016-02-08,975067
2016-02-09,980122
2016-02-10,985083
2016-02-11,990102
2016-02-12,995135
2016-02-13,1000228
2016-02-14,1005218
2016-02-15,1010193
2016-02-16,1015218
2016-02-17,1020075
2016-02-18,1025074
2016-02-19,1030107
2016-02-20,1035158
2016-02-21,1040213
2016-02-22,1045316
2016-02-23,1050285
2016-02-24,1055314
2016-02-25,1060442
2016-02-26,1065497
2016-02-27,1070489
2016-02-28,1075518
2016-02-29,1080338
2016-03-01,1085390
2016-03-02,1090476
2016-03-03,1095490
2016-03-04,1100484
2016-03-05,1105622
2016-03-06,1110529
2016-03-07,1115555
2016-03-08,1120572
2016-03-09,1125561
2016-03-10,1130757
2016-03-11,1135822
2016-03-12,1140845
2016-03-13,1146031
2016-03-14,1151139
2016-03-15,1157118
2016-03-16,1163143
2016-03-17,1169225
2016-03-18,1175187
2016-03-19,1181269
2016-03-20,1187296
2016-03-21,1193290
2016-03-22,1199361
2016-03-23,1205335
2016-03-24,1211436
2016-03-25,1217502
2016-03-26,1223597
2016-03-27,1229643
2016-03-28,1235642
2016-03-29,1241652
2016-03-30,1247699
2016-03-31,1253720
2016-04-01,1259801
2016-04-02,1265737
2016-04-03,1271772
2016-04-04,1277858
2016-04-05,1283891
2016-04-06,1289895
2016-04-07,1295848
2016-04-08,1301950
2016-04-09,1307883
2016-04-10,1313948
2016-04-11,1319885
2016-04-12,1325900
2016-04-13,1331915
2016-04-14,1337936
2016-04-15,1343995
2016-04-16,1350014
2016-04-17,1356029
2016-04-18,1362084
2016-04-19,1368053
2016-04-20,1374103
2016-04-21,1380093
2016-04-22,1386124
2016-04-23,1392175
2016-04-24,1398156
2016-04-25,1404260
2016-04-26,1410212
2016-04-27,1416274
2016-04-28,1422304
2016-04-29,1428334
2016-04-30,1434392
2016-05-01,1440334
2016-05-02,1446414
2016-05-03,1452468
2016-05-04,1458448
2016-05-05,1464485
2016-05-06,1470507
2016-05-07,1476495
2016-05-08,1482546
2016-05-09,1488590
2016-05-10,1494602
2016-05-11,1500516
2016-05-12,1506615
2016-05-13,1512679
2016-05-14,1518637
2016-05-15,1524652
2016-05-16,1530613
2016-05-17,1536684
2016-05-18,1542747
2016-05-19,1548758
2016-05-20,1554795
2016-05-21,1560776
2016-05-22,1566860
2016-05-23,1572873
2016-05-24,1578883
2016-05-25,1584912
2016-05-26,1590931
2016-05-27,1596976
2016-05-28,1602995
2016-05-29,1608996
2016-05-30,1615003
2016-05-31,1620939
2016-06-01,1626978
2016-06-02,1633050
2016-06-03,1639079
2016-06-04,1645095
2016-06-05,1651058
2016-06-06,1657166
2016-06-07,1663156
2016-06-08,1669247
2016-06-09,1675339
2016-06-10,1681241
2016-06-11,1687355
2016-06-12,1693420
2016-06-13,1699504
2016-06-14,1705539
2016-06-15,1711546
2016-06-16,1717561
2016-06-17,1723410
2016-06-18,1729299
2016-06-19,1735521
2016-06-20,1741470
2016-06-21,1747469
2016-06-22,1753608
2016-06-23,1759611
2016-06-24,1765653
2016-06-25,1771651
2016-06-26,1777703
2016-06-27,1783755
2016-06-28,1789822
2016-06-29,1795813
2016-06-30,1801798
2016-07-01,1807925
2016-07-02,1813928
2016-07-03,1819973
2016-07-04,1826040
2016-07-05,1831989
2016-07-06,1838077
2016-07-07,1844113
2016-07-08,1850109
2016-07-09,1856235
2016-07-10,1862281
2016-07-11,1868310
2016-07-12,1874316
2016-07-13,1880402
2016-07-14,1886403
2016-07-15,1892391
2016-07-16,1898472
2016-07-17,1904501
2016-07-18,1910610
2016-07-19,1916580
2016-07-20,1922526
2016-07-21,1928680
2016-07-22,1934637
2016-07-23,1940730
2016-07-24,1946667
2016-07-25,1952697
2016-07-26,1958506
2016-07-27,1964681
2016-07-28,1970762
2016-07-29,1976741
2016-07-30,1982722
2016-07-31,1988751
2016-08-01,1994712
2016-08-02,2000606
2016-08-03,2006590
2016-08-04,2012782
2016-08-05,2018847
2016-08-06,2024825
2016-08-07,2030902
2016-08-08,2036961
2016-08-09,2043091
2016-08-10,2049145
2016-08-11,2055213
2016-08-12,2061227
2016-08-13,2067259
2016-08-14,2073293
2016-08-15,2079383
2016-08-16,2085437
2016-08-17,2091446
2016-08-18,2097546
2016-08-19,2103560
2016-08-20,2109615
2016-08-21,2115699
2016-08-22,2121777
2016-08-23,2127792
2016-08-24,2133845
2016-08-25,2139939
2016-08-26,2145945
2016-08-27,2152021
2016-08-28,2158056
2016-08-29,2164070
2016-08-30,2170096
2016-08-31,2176169
2016-09-01,2182158
2016-09-02,2188246
2016-09-03,2194195
2016-09-04,2200218
2016-09-05,2206294
2016-09-06,2212287
2016-09-07,2218405
2016-09-08,2224421
2016-09-09,2230495
2016-09-10,2236494
2016-09-11,2242587
2016-09-12,2248650
2016-09-13,2254653
2016-09-14,2260744
2016-09-15,2266775
2016-09-16,2272840
2016-09-17,2278884
2016-09-18,2284482
2016-09-19,2290891
2016-09-20,2297058
2016-09-21,2303120
2016-09-22,2308866
2016-09-23,2315092
2016-09-24,2320969
2016-09-25,2327236
2016-09-26,2333079
2016-09-27,2339132
2016-09-28,2345238
2016-09-29,2351364
2016-09-30,2357372
2016-10-01,2363152
2016-10-02,2369220
2016-10-03,2375424
2016-10-04,2381501
2016-10-05,2387318
2016-10-06,2393271
2016-10-07,2399158
2016-10-08,2405358
2016-10-09,2411407
2016-10-10,2417448
2016-10-11,2423498
2016-10-12,2429408
2016-10-13,2435522
2016-10-14,2441601
2016-10-15,2447628
2016-10-16,2453683
2016-10-17,2459642
2016-10-18,2465761
2016-10-19,2471535
2016-10-20,2477833
2016-10-21,2483930
2016-10-22,2489971
2016-10-23,2495964
2016-10-24,2502029
2016-10-25,2508057
2016-10-26,2514153
2016-10-27,2520171
2016-10-28,2526114
2016-10-29,2531782
2016-10-30,2537841
2016-10-31,2543933
2016-11-01,2549772
2016-11-02,2555724
2016-11-03,2561674
2016-11-04,2567578
2016-11-05,2573574
2016-11-06,2579628
2016-11-07,2585943
2016-11-08,2592102
2016-11-09,2598026
2016-11-10,2603992
2016-11-11,2609984
2016-11-12,2616070
2016-11-13,2622273
2016-11-14,2628340
2016-11-15,2634346
2016-11-16,2640391
2016-11-17,2646259
2016-11-18,2652548
2016-11-19,2658698
2016-11-20,2664877
2016-11-21,2670950
2016-11-22,2676872
2016-11-23,2682709
2016-11-24,2688623
2016-11-25,2694734
2016-11-26,2700672
2016-11-27,2706617
2016-11-28,2712659
2016-11-29,2718647
2016-11-30,2724708
2016-12-01,2730765
2016-12-02,2736840
2016-12-03,2743000
2016-12-04,2748983
2016-12-05,2754987
2016-12-06,2761076
2016-12-07,2767149
2016-12-08,2773274
2016-12-09,2779324
2016-12-10,2785399
2016-12-11,2791497
2016-12-12,2797496
2016-12-13,2803566
2016-12-14,2809646
2016-12-15,2815647
2016-12-16,2821722
2016-12-17,2827838
2016-12-18,2833934
2016-12-19,2839966
2016-12-20,2846035
2016-12-21,2852105
2016-12-22,2858061
2016-12-23,2864015
2016-12-24,2870021
2016-12-25,2876148
2016-12-26,2882214
2016-12-27,2888212
2016-12-28,2894268
2016-12-29,2900350
2016-12-30,2906413
2016-12-31,2912406
2017-01-01,2918517
2017-01-02,2924575
2017-01-03,2930610
2017-01-04,2936751
2017-01-05,2942842
2017-01-06,2948851
2017-01-07,2954959
2017-01-08,2961033
2017-01-09,2967115
2017-01-10,2973145
2017-01-11,2979192
2017-01-12,2985248
2017-01-13,2991354
2017-01-14,2997421
2017-01-15,3003506
2017-01-16,3009558
2017-01-17,3015560
2017-01-18,3021625
2017-01-19,3027783
2017-01-20,3033746
2017-01-21,3039792
2017-01-22,3045857
2017-01-23,3051905
2017-01-24,3057942
2017-01-25,3063952
2017-01-26,3070033
2017-01-27,3076018
2017-01-28,3082081
2017-01-29,3088041
2017-01-30,3094135
2017-01-31,3100153
2017-02-01,3106162
2017-02-02,3112209
2017-02-03,3118199
2017-02-04,3124277
2017-02-05,3130354
2017-02-06,3136404
2017-02-07,3142402
2017-02-08,3148469
2017-02-09,3154498
2017-02-10,3160538
2017-02-11,3166576
2017-02-12,3172635
2017-02-13,3178705
2017-02-14,3184728
2017-02-15,3190817
2017-02-16,3196869
2017-02-17,3202881
2017-02-18,3208880
2017-02-19,3214899
2017-02-20,3220914
2017-02-21,3226966
2017-02-22,3232934
2017-02-23,3238953
2017-02-24,3244964
2017-02-25,3251003
2017-02-26,3257092
2017-02-27,3263080
2017-02-28,3269187
2017-03-01,3275145
2017-03-02,3281206
2017-03-03,3287212
2017-03-04,3293197
2017-03-05,3299270
2017-03-06,3305247
2017-03-07,3311225
2017-03-08,3317241
2017-03-09,3323169
2017-03-10,3329122
2017-03-11,3335124
2017-03-12,3341043
2017-03-13,3347083
2017-03-14,3353044
2017-03-15,3359030
2017-03-16,3365020
2017-03-17,3371066
2017-03-18,3377057
2017-03-19,3383007
2017-03-20,3389073
2017-03-21,3395030
2017-03-22,3401038
2017-03-23,3406952
2017-03-24,3412865
2017-03-25,3418827
2017-03-26,3424808
2017-03-27,3430759
2017-03-28,3436659
2017-03-29,3442647
2017-03-30,3448557
2017-03-31,3454528
2017-04-01,3460454
2017-04-02,3466300
2017-04-03,3472279
2017-04-04,3478211
2017-04-05,3484197
2017-04-06,3490077
2017-04-07,3496023
2017-04-08,3501959
2017-04-09,3507756
2017-04-10,3513514
2017-04-11,3519363
2017-04-12,3525142
2017-04-13,3530940
2017-04-14,3536848
2017-04-15,3542569
2017-04-16,3548389
2017-04-17,3554250
2017-04-18,3560111
2017-04-19,3565829
2017-04-20,3571688
2017-04-21,3577566
2017-04-22,3583358
2017-04-23,3589222
2017-04-24,3594943
2017-04-25,3600840
2017-04-26,3606477
2017-04-27,3612119
2017-04-28,3617816
2017-04-29,3623442
2017-04-30,3629090
2017-05-01,3634714
2017-05-02,3640333
2017-05-03,3645982
2017-05-04,3651631
2017-05-05,3657306
2017-05-06,3662984
2017-05-07,3668702
2017-05-08,3674342
2017-05-09,3680014
2017-05-10,3685662
2017-05-11,3691364
2017-05-12,3697052
2017-05-13,3702643
2017-05-14,3708045
2017-05-15,3713446
2017-05-16,3718903
2017-05-17,3724228
2017-05-18,3729690
2017-05-19,3735114
2017-05-20,3740603
2017-05-21,3746040
2017-05-22,3751508
2017-05-23,3756927
2017-05-24,3762354
2017-05-25,3767819
2017-05-26,3773311
2017-05-27,3778750
2017-05-28,3784203
2017-05-29,3789782
2017-05-30,3795363
2017-05-31,3800775
2017-06-01,3806051
2017-06-02,3811138
2017-06-03,3816344
2017-06-04,3821504
2017-06-05,3826753
2017-06-06,3831961
2017-06-07,3837200
2017-06-08,3842409
2017-06-09,3847623
2017-06-10,3852955
2017-06-11,3858201
2017-06-12,3863438
2017-06-13,3868710
2017-06-14,3874003
2017-06-15,3879308
2017-06-16,3884644
2017-06-17,3889923
2017-06-18,3895270
2017-06-19,3900604
2017-06-20,3905571
2017-06-21,3910469
2017-06-22,3915413
2017-06-23,3920303
2017-06-24,3925242
2017-06-25,3930168
2017-06-26,3935133
2017-06-27,3940134
2017-06-28,3945095
2017-06-29,3950122
2017-06-30,3955158
2017-07-01,3960167
2017-07-02,3965201
2017-07-03,3970253
2017-07-04,3975331
2017-07-05,3980316
2017-07-06,3985362
2017-07-07,3990446
2017-07-08,3995533
2017-07-09,4000627
2017-07-10,4005221
2017-07-11,4009741
2017-07-12,4014250
2017-07-13,4018762
2017-07-14,4023264
2017-07-15,4027867
2017-07-16,4032442
2017-07-17,4036901
2017-07-18,4041452
2017-07-19,4046089
2017-07-20,4050721
2017-07-21,4055264
2017-07-22,4059913
2017-07-23,4064573
2017-07-24,4069155
2017-07-25,4073841
2017-07-26,4078491
2017-07-27,4083125
2017-07-28,4087772
2017-07-29,4092455
2017-07-30,4097159
2017-07-31,4101694
2017-08-01,4105781
2017-08-02,4109825
2017-08-03,4113801
2017-08-04,4117841
2017-08-05,4121875
2017-08-06,4125907
2017-08-07,4130001
2017-08-08,4134094
2017-08-09,4138207
2017-08-10,4142236
2017-08-11,4146341
2017-08-12,4150454
2017-08-13,4154583
2017-08-14,4158716
2017-08-15,4162848
2017-08-16,4167014
2017-08-17,4171158
2017-08-18,4175294
2017-08-19,4179505
2017-08-20,4183661
2017-08-21,4187894
2017-08-22,4192079
2017-08-23,4196295
2017-08-24,4200479
2017-08-25,4204033
2017-08-26,4207532
2017-08-27,4211046
2017-08-28,4214492
2017-08-29,4218033
2017-08-30,4221564
2017-08-31,4225037
2017-09-01,4228558
2017-09-02,4232099
2017-09-03,4235638
2017-09-04,4239165
2017-09-05,4242724
2017-09-06,4246234
2017-09-07,4249781
2017-09-08,4253373
2017-09-09,4256934
2017-09-10,4260508
2017-09-11,4264059
2017-09-12,4267662
2017-09-13,4271198
2017-09-14,4274797
2017-09-15,4278413
2017-09-16,4282022
2017-09-17,4285652
2017-09-18,4289209
2017-09-19,4292837
2017-09-20,4296437
2017-09-21,4300082
2017-09-22,4303083
2017-09-23,4305967
2017-09-24,4308905
2017-09-25,4311741
2017-09-26,4314631
2017-09-27,4317535
2017-09-28,4320391
2017-09-29,4323220
2017-09-30,4326060
2017-10-01,4328922
2017-10-02,4331764
2017-10-03,4334626
2017-10-04,4337512
2017-10-05,4340458
2017-10-06,4343306
2017-10-07,4346154
2017-10-08,4349033
2017-10-09,4351915
2017-10-10,4354830
2017-10-11,4357745
2017-10-12,4360644
2017-10-13,4363535
2017-10-14,4366422
2017-10-15,4369347
2017-10-16,4373901
2017-10-17,4379951
2017-10-18,4386172
2017-10-19,4392413
2017-10-20,4398650
2017-10-21,4404879
2017-10-22,4411159
2017-10-23,4417413
2017-10-24,4423661
2017-10-25,4429837
2017-10-26,4435994
2017-10-27,4442223
2017-10-28,4448463
2017-10-29,4454657
2017-10-30,4460729
2017-10-31,4467004
2017-11-01,4473146
2017-11-02,4479290
2017-11-03,4485498
2017-11-04,4491694
2017-11-05,4497993
2017-11-06,4504192
2017-11-07,4510403
2017-11-08,4516639
2017-11-09,4522834
2017-11-10,4529134
2017-11-11,4535401
2017-11-12,4541646
2017-11-13,4547871
2017-11-14,4553993
2017-11-15,4560230
2017-11-16,4566384
2017-11-17,4572619
2017-11-18,4578834
2017-11-19,4585100
2017-11-20,4591276
2017-11-21,4597450
2017-11-22,4603692
2017-11-23,4609882
2017-11-24,4616116
2017-11-25,4622317
2017-11-26,4628486
2017-11-27,4634572
2017-11-28,4640666
2017-11-29,4646774
2017-11-30,4652925
2017-12-01,4659052
2017-12-02,4665105
2017-12-03,4671134
2017-12-04,4676805
2017-12-05,4682393
2017-12-06,4687866
2017-12-07,4693664
2017-12-08,4699467
2017-12-09,4705280
2017-12-10,4711061
2017-12-11,4716810
2017-12-12,4722525
2017-12-13,4728184
2017-12-14,4733878
2017-12-15,4739678
2017-12-16,4745453
2017-12-17,4751234
2017-12-18,4757015
2017-12-19,4762619
2017-12-20,4768190
2017-12-21,4773760
2017-12-22,4779412
2017-12-23,4785359
2017-12-24,4791340
2017-12-25,4797372
2017-12-26,4803364
2017-12-27,4809330
2017-12-28,4815219
2017-12-29,4821005
2017-12-30,4826778
2017-12-31,4832685
2018-01-01,4838611
2018-01-02,4844361
2018-01-03,4849901
2018-01-04,4855355
2018-01-05,4860696
2018-01-06,4866112
2018-01-07,4871640
2018-01-08,4877048
2018-01-09,4882425
2018-01-10,4887840
2018-01-11,4893270
2018-01-12,4898689
2018-01-13,4904083
2018-01-14,4909708
2018-01-15,4915132
2018-01-16,4920654
2018-01-17,4926226
2018-01-18,4931795
2018-01-19,4937480
2018-01-20,4943353
2018-01-21,4949163
2018-01-22,4955046
2018-01-23,4960944
2018-01-24,4966905
2018-01-25,4972815
2018-01-26,4978725
2018-01-27,4984729
2018-01-28,4990746
2018-01-29,4996671
2018-01-30,5002538
2018-01-31,5008421
2018-02-01,5014199
2018-02-02,5020064
2018-02-03,5026037
2018-02-04,5031997
2018-02-05,5038022
2018-02-06,5043948
2018-02-07,5049861
2018-02-08,5055863
2018-02-09,5061799
2018-02-10,5067821
2018-02-11,5073776
2018-02-12,5079721
2018-02-13,5085686
2018-02-14,5091546
2018-02-15,5097512
2018-02-16,5103470
2018-02-17,5109506
2018-02-18,5115490
2018-02-19,5121388
2018-02-20,5127202
2018-02-21,5133051
2018-02-22,5138924
2018-02-23,5144850
2018-02-24,5150700
2018-02-25,5156558
2018-02-26,5162361
2018-02-27,5168226
2018-02-28,5174124
2018-03-01,5180003
2018-03-02,5185902
2018-03-03,5191851
2018-03-04,5197732
2018-03-05,5203617
2018-03-06,5209507
2018-03-07,5215422
2018-03-08,5221278
2018-03-09,5227176
2018-03-10,5233069
2018-03-11,5239026
2018-03-12,5244849
2018-03-13,5250714
2018-03-14,5256557
2018-03-15,5262438
2018-03-16,5268356
2018-03-17,5274212
2018-03-18,5280145
2018-03-19,5286106
2018-03-20,5292065
2018-03-21,5297999
2018-03-22,5304013
2018-03-23,5309981
2018-03-24,5316039
2018-03-25,5322063
2018-03-26,5328067
2018-03-27,5333990
2018-03-28,5339939
2018-03-29,5345806
2018-03-30,5351744
2018-03-31,5357794
2018-04-01,5363810
2018-04-02,5369904
2018-04-03,5375903
2018-04-04,5381904
2018-04-05,5387960
2018-04-06,5394011
2018-04-07,5400060
2018-04-08,5406118
2018-04-09,5412113
2018-04-10,5418186
2018-04-11,5424148
2018-04-12,5430046
2018-04-13,5435969
2018-04-14,5441886
2018-04-15,5447825
2018-04-16,5453757
2018-04-17,5459592
2018-04-18,5465387
2018-04-19,5471197
2018-04-20,5476912
2018-04-21,5482795
2018-04-22,5488697
2018-04-23,5494473
2018-04-24,5500193
2018-04-25,5506011
2018-04-26,5511878
2018-04-27,5517592
2018-04-28,5523305
2018-04-29,5529138
2018-04-30,5534862
2018-05-01,5540484
2018-05-02,5546196
2018-05-03,5551877
2018-05-04,5557509
2018-05-05,5563250
2018-05-06,5569013
2018-05-07,5574848
2018-05-08,5580582
2018-05-09,5586312
2018-05-10,5591995
2018-05-11,5597746
2018-05-12,5603500
2018-05-13,5609260
2018-05-14,5614898
2018-05-15,5620630
2018-05-16,5626275
2018-05-17,5631979
2018-05-18,5637615
2018-05-19,5643218
2018-05-20,5648860
2018-05-21,5654547
2018-05-22,5660148
2018-05-23,5665803
2018-05-24,5671366
2018-05-25,5677001
2018-05-26,5682720
2018-05-27,5688354
2018-05-28,5694058
2018-05-29,5699707
2018-05-30,5705316
2018-05-31,5710963
2018-06-01,5716587
2018-06-02,5722219
2018-06-03,5727838
2018-06-04,5733510
2018-06-05,5739101
2018-06-06,5744734
2018-06-07,5750373
2018-06-08,5756052
2018-06-09,5761662
2018-06-10,5767303
2018-06-11,5772960
2018-06-12,5778674
2018-06-13,5784426
2018-06-14,5790191
2018-06-15,5795973
2018-06-16,5801844
2018-06-17,5807759
2018-06-18,5813713
2018-06-19,5819515
2018-06-20,5825338
2018-06-21,5831210
2018-06-22,5837030
2018-06-23,5842952
2018-06-24,5848833
2018-06-25,5854498
2018-06-26,5860246
2018-06-27,5866093
2018-06-28,5871855
2018-06-29,5877619
2018-06-30,5883489
2018-07-01,5889326
2018-07-02,5895255
2018-07-03,5901064
2018-07-04,5906901
2018-07-05,5912709
2018-07-06,5918553
2018-07-07,5924373
2018-07-08,5930070
2018-07-09,5935925
2018-07-10,5941708
2018-07-11,5947639
2018-07-12,5953632
2018-07-13,5959585
2018-07-14,5965591
2018-07-15,5971658
2018-07-16,5977509
2018-07-17,5983398
2018-07-18,5989155
2018-07-19,5994948
2018-07-20,6000786
2018-07-21,6006783
2018-07-22,6012758
2018-07-23,6018620
2018-07-24,6024435
2018-07-25,6030335
2018-07-26,6036187
2018-07-27,6042096
2018-07-28,6048087
2018-07-29,6054097
2018-07-30,6060060
2018-07-31,6065979
2018-08-01,6071840
2018-08-02,6077694
2018-08-03,6083610
2018-08-04,6089613
2018-08-05,6095545
2018-08-06,6101468
2018-08-07,6107343
2018-08-08,6113300
2018-08-09,6119230
2018-08-10,6125156
2018-08-11,6131101
2018-08-12,6136936
2018-08-13,6142808
2018-08-14,6148760
2018-08-15,6154725
2018-08-16,6160665
2018-08-17,6166505
2018-08-18,6172388
2018-08-19,6178318
2018-08-20,6184250
2018-08-21,6190211
2018-08-22,6196133
2018-08-23,6201986
2018-08-24,6207932
2018-08-25,6213858
2018-08-26,6219805
2018-08-27,6225747
2018-08-28,6231645
2018-08-29,6237535
2018-08-30,6243445
2018-08-31,6249398
2018-09-01,6255278
2018-09-02,6261305
2018-09-03,6267192
2018-09-04,6273160
2018-09-05,6279116
2018-09-06,6285164
2018-09-07,6291077
2018-09-08,6297013
2018-09-09,6302912
2018-09-10,6308919
2018-09-11,6314921
2018-09-12,6320964
2018-09-13,6326968
2018-09-14,6333034
2018-09-15,6339085
2018-09-16,6345198
2018-09-17,6351278
2018-09-18,6357245
2018-09-19,6363368
2018-09-20,6369382
2018-09-21,6375466
2018-09-22,6381504
2018-09-23,6387584
2018-09-24,6393659
2018-09-25,6399772
2018-09-26,6405884
2018-09-27,6411965
2018-09-28,6418063
2018-09-29,6424158
2018-09-30,6430272
2018-10-01,6436367
2018-10-02,6442547
2018-10-03,6448622
2018-10-04,6454768
2018-10-05,6460867
2018-10-06,6467089
2018-10-07,6473330
2018-10-08,6479509
2018-10-09,6485658
2018-10-10,6491826
2018-10-11,6497969
2018-10-12,6504139
2018-10-13,6510315
2018-10-14,6516497
2018-10-15,6522592
2018-10-16,6528706
2018-10-17,6534836
2018-10-18,6540978
2018-10-19,6547043
2018-10-20,6553201
2018-10-21,6559325
2018-10-22,6565390
2018-10-23,6571558
2018-10-24,6577682
2018-10-25,6583805
2018-10-26,6589927
2018-10-27,6596027
2018-10-28,6602164
2018-10-29,6608275
2018-10-30,6614318
2018-10-31,6620475
2018-11-01,6626544
2018-11-02,6632613
2018-11-03,6638732
2018-11-04,6644841
2018-11-05,6650916
2018-11-06,6656980
2018-11-07,6663124
2018-11-08,6669190
2018-11-09,6675281
2018-11-10,6681394
2018-11-11,6687515
2018-11-12,6693686
2018-11-13,6699781
2018-11-14,6705852
2018-11-15,6711925
2018-11-16,6718107
2018-11-17,6724219
2018-11-18,6730378
2018-11-19,6736377
2018-11-20,6742405
2018-11-21,6748541
2018-11-22,6754604
2018-11-23,6760723
2018-11-24,6766842
2018-11-25,6772996
2018-11-26,6779067
2018-11-27,6785062
2018-11-28,6791088
2018-11-29,6797209
2018-11-30,6803255
2018-12-01,6809312
2018-12-02,6815373
2018-12-03,6821406
2018-12-04,6827445
2018-12-05,6833462
2018-12-06,6839518
2018-12-07,6845490
2018-12-08,6851513
2018-12-09,6857610
2018-12-10,6863786
2018-12-11,6869770
2018-12-12,6875846
2018-12-13,6881943
2018-12-14,6887957
2018-12-15,6894072
2018-12-16,6900111
2018-12-17,6906002
2018-12-18,6911863
2018-12-19,6917712
2018-12-20,6923565
2018-12-21,6929402
2018-12-22,6935327
2018-12-23,6941192
2018-12-24,6947119
2018-12-25,6953086
2018-12-26,6959047
2018-12-27,6964940
2018-12-28,6970847
2018-12-29,6976807
2018-12-30,6982693
2018-12-31,6988614
2019-01-01,6994485
2019-01-02,7000416
2019-01-03,7005996
2019-01-04,7011550
2019-01-05,7017170
2019-01-06,7022755
2019-01-07,7028365
2019-01-08,7033927
2019-01-09,7039537
2019-01-10,7045105
2019-01-11,7050671
2019-01-12,7056212
2019-01-13,7061847
2019-01-14,7067476
2019-01-15,7073095
2019-01-16,7078623
2019-01-17,7084184
2019-01-18,7089803
2019-01-19,7095486
2019-01-20,7101085
2019-01-21,7106179
2019-01-22,7111251
2019-01-23,7116242
2019-01-24,7121328
2019-01-25,7126434
2019-01-26,7131489
2019-01-27,7136502
2019-01-28,7141386
2019-01-29,7146256
2019-01-30,7151205
2019-01-31,7156136
2019-02-01,7160984
2019-02-02,7165919
2019-02-03,7170777
2019-02-04,7175715
2019-02-05,7180615
2019-02-06,7185507
2019-02-07,7190425
2019-02-08,7195348
2019-02-09,7200248
2019-02-10,7204546
2019-02-11,7208741
2019-02-12,7213014
2019-02-13,7217183
2019-02-14,7221349
2019-02-15,7225507
2019-02-16,7229731
2019-02-17,7233870
2019-02-18,7238066
2019-02-19,7242354
2019-02-20,7246596
2019-02-21,7250848
2019-02-22,7255086
2019-02-23,7259439
2019-02-24,7263693
2019-02-25,7267931
2019-02-26,7272212
2019-02-27,7276493
2019-02-28,7280859
2019-03-01,7286853
2019-03-02,7293255
2019-03-03,7299634
2019-03-04,7306018
2019-03-05,7312447
2019-03-06,7318846
2019-03-07,7325284
2019-03-08,7331672
2019-03-09,7338052
2019-03-10,7344565
2019-03-11,7350954
2019-03-12,7357407
2019-03-13,7363806
2019-03-14,7370228
2019-03-15,7376652
2019-03-16,7383163
2019-03-17,7389578
2019-03-18,7395946
2019-03-19,7402362
2019-03-20,7408837
2019-03-21,7415209
2019-03-22,7421618
2019-03-23,7428049
2019-03-24,7434481
2019-03-25,7440910
2019-03-26,7447268
2019-03-27,7453726
2019-03-28,7460099
2019-03-29,7466468
2019-03-30,7472839
2019-03-31,7479256
2019-04-01,7485676
2019-04-02,7492033
2019-04-03,7498369
2019-04-04,7504775
2019-04-05,7511202
2019-04-06,7517654
2019-04-07,7524130
2019-04-08,7530571
2019-04-09,7537001
2019-04-10,7543456
2019-04-11,7549840
2019-04-12,7556260
2019-04-13,7562743
2019-04-14,7569165
2019-04-15,7575608
2019-04-16,7582016
2019-04-17,7588397
2019-04-18,7594803
2019-04-19,7601252
2019-04-20,7607622
2019-04-21,7614084
2019-04-22,7620513
2019-04-23,7626809
2019-04-24,7633201
2019-04-25,7639667
2019-04-26,7646120
2019-04-27,7652596
2019-04-28,7658985
2019-04-29,7665437
2019-04-30,7671849
2019-05-01,7678314
2019-05-02,7684756
2019-05-03,7691097
2019-05-04,7697627
2019-05-05,7704013
2019-05-06,7710372
2019-05-07,7716767
2019-05-08,7723103
2019-05-09,7729467
2019-05-10,7735906
2019-05-11,7742302
2019-05-12,7748743
2019-05-13,7755103
2019-05-14,7761573
2019-05-15,7768043
2019-05-16,7774385
2019-05-17,7780824
2019-05-18,7787226
2019-05-19,7793612
2019-05-20,7799961
2019-05-21,7806300
2019-05-22,7812701
2019-05-23,7819030
2019-05-24,7825422
2019-05-25,7831948
2019-05-26,7838376
2019-05-27,7844769
2019-05-28,7851111
2019-05-29,7857647
2019-05-30,7863948
2019-05-31,7870424
2019-06-01,7876790
2019-06-02,7883176
2019-06-03,7889498
2019-06-04,7895899
2019-06-05,7902297
2019-06-06,7908749
2019-06-07,7915094
2019-06-08,7921431
2019-06-09,7927799
2019-06-10,7934246
2019-06-11,7940638
2019-06-12,7947010
2019-06-13,7953427
2019-06-14,7959837
2019-06-15,7966205
2019-06-16,7972641
2019-06-17,7979021
2019-06-18,7985390
2019-06-19,7991787
2019-06-20,7998184
2019-06-21,8004516
2019-06-22,8010973
2019-06-23,8017373
2019-06-24,8023809
2019-06-25,8030231
2019-06-26,8036652
2019-06-27,8043038
2019-06-28,8049433
2019-06-29,8055866
2019-06-30,8062292
2019-07-01,8068726
2019-07-02,8075133
2019-07-03,8081530
2019-07-04,8087941
2019-07-05,8094320
2019-07-06,8100803
2019-07-07,8107285
2019-07-08,8113704
2019-07-09,8120157
2019-07-10,8126555
2019-07-11,8132991
2019-07-12,8139330
2019-07-13,8145768
2019-07-14,8152293
2019-07-15,8158639
2019-07-16,8164957
2019-07-17,8171338
2019-07-18,8177816
2019-07-19,8184180
2019-07-20,8190684
2019-07-21,8197087
2019-07-22,8203568
2019-07-23,8210045
2019-07-24,8216481
2019-07-25,8222839
2019-07-26,8229290
2019-07-27,8235767
2019-07-28,8242225
2019-07-29,8248604
2019-07-30,8255106
2019-07-31,8261511
2019-08-01,8267854
2019-08-02,8274365
2019-08-03,8280837
2019-08-04,8287272
2019-08-05,8293717
2019-08-06,8300167
2019-08-07,8306649
2019-08-08,8313033
2019-08-09,8319453
2019-08-10,8325949
2019-08-11,8332372
2019-08-12,8338856
2019-08-13,8345283
2019-08-14,8351742
2019-08-15,8358155
2019-08-16,8364604
2019-08-17,8371084
2019-08-18,8377521
2019-08-19,8383895
2019-08-20,8390327
2019-08-21,8396776
2019-08-22,8403176
2019-08-23,8409644
2019-08-24,8415959
2019-08-25,8422531
2019-08-26,8428894
2019-08-27,8435309
2019-08-28,8441719
2019-08-29,8448212
2019-08-30,8454626
2019-08-31,8461046
2019-09-01,8467448
2019-09-02,8473880
2019-09-03,8480281
2019-09-04,8486673
2019-09-05,8493122
2019-09-06,8499505
2019-09-07,8505933
2019-09-08,8512335
2019-09-09,8518769
2019-09-10,8525157
2019-09-11,8531594
2019-09-12,8538030
2019-09-13,8544343
2019-09-14,8550783
2019-09-15,8557160
2019-09-16,8563615
2019-09-17,8570044
2019-09-18,8576521
2019-09-19,8582848
2019-09-20,8589299
2019-09-21,8595691
2019-09-22,8602082
2019-09-23,8608530
2019-09-24,8614806
2019-09-25,8621190
2019-09-26,8627593
2019-09-27,8633930
2019-09-28,8640368
2019-09-29,8646786
2019-09-30,8653170
2019-10-01,8659596
2019-10-02,8665933
2019-10-03,8672333
2019-10-04,8678773
2019-10-05,8685214
2019-10-06,8691663
2019-10-07,8698027
2019-10-08,8704379
2019-10-09,8710741
2019-10-10,8717085
2019-10-11,8723444
2019-10-12,8729773
2019-10-13,8736147
2019-10-14,8742534
2019-10-15,8748965
2019-10-16,8755297
2019-10-17,8761597
2019-10-18,8767925
2019-10-19,8774279
2019-10-20,8780646
2019-10-21,8786939
2019-10-22,8793351
2019-10-23,8799735
2019-10-24,8805999
2019-10-25,8812126
2019-10-26,8818393
2019-10-27,8824567
2019-10-28,8830809
2019-10-29,8837020
2019-10-30,8843254
2019-10-31,8849470
2019-11-01,8855749
2019-11-02,8861915
2019-11-03,8868185
2019-11-04,8874381
2019-11-05,8880608
2019-11-06,8886811
2019-11-07,8892978
2019-11-08,8899167
2019-11-09,8905304
2019-11-10,8911305
2019-11-11,8917289
2019-11-12,8923311
2019-11-13,8929324
2019-11-14,8935354
2019-11-15,8941340
2019-11-16,8947354
2019-11-17,8953377
2019-11-18,8959358
2019-11-19,8965254
2019-11-20,8971244
2019-11-21,8977314
2019-11-22,8983277
2019-11-23,8989331
2019-11-24,8995344
2019-11-25,9001245
2019-11-26,9006908
2019-11-27,9012564
2019-11-28,9018190
2019-11-29,9023807
2019-11-30,9029509
2019-12-01,9035117
2019-12-02,9040785
2019-12-03,9046419
2019-12-04,9051991
2019-12-05,9057614
2019-12-06,9063220
2019-12-07,9068881
2019-12-08,9074508
2019-12-09,9080155
2019-12-10,9085851
2019-12-11,9091431
2019-12-12,9097137
2019-12-13,9102610
2019-12-14,9107741
2019-12-15,9112868
2019-12-16,9117964
2019-12-17,9123014
2019-12-18,9128003
2019-12-19,9133018
2019-12-20,9138007
2019-12-21,9143085
2019-12-22,9148078
2019-12-23,9153076
2019-12-24,9158150
2019-12-25,9163138
2019-12-26,9168133
2019-12-27,9173157
2019-12-28,9178228
2019-12-29,9183263
2019-12-30,9188278
2019-12-31,9193265
2020-01-01,9198245
2020-01-02,9203924
2020-01-03,9210446
2020-01-04,9217016
2020-01-05,9223504
2020-01-06,9230090
2020-01-07,9236623
2020-01-08,9243118
2020-01-09,9249648
2020-01-10,9256199
2020-01-11,9262727
2020-01-12,9269242
2020-01-13,9275782
2020-01-14,9282307
2020-01-15,9288793
2020-01-16,9295326
2020-01-17,9301875
2020-01-18,9308391
2020-01-19,9314961
2020-01-20,9321479
2020-01-21,9328051
2020-01-22,9334523
2020-01-23,9341098
2020-01-24,9347612
2020-01-25,9354103
2020-01-26,9360598
2020-01-27,9367150
2020-01-28,9373661
2020-01-29,9380212
2020-01-30,9386664
2020-01-31,9393153
2020-02-01,9399641
2020-02-02,9406178
2020-02-03,9412702
2020-02-04,9419268
2020-02-05,9425724
2020-02-06,9432240
2020-02-07,9438749
2020-02-08,9445216
2020-02-09,9451707
2020-02-10,9458299
2020-02-11,9464833
2020-02-12,9471296
2020-02-13,9477777
2020-02-14,9484270
2020-02-15,9490742
2020-02-16,9497294
2020-02-17,9503741
2020-02-18,9510221
2020-02-19,9516778
2020-02-20,9523258
2020-02-21,9529733
2020-02-22,9536261
2020-02-23,9542793
2020-02-24,9549274
2020-02-25,9555730
2020-02-26,9562258
2020-02-27,9568771
2020-02-28,9575272
2020-02-29,9581791
2020-03-01,9588286
2020-03-02,9594819
2020-03-03,9601320
2020-03-04,9607856
2020-03-05,9614265
2020-03-06,9620833
2020-03-07,9627373
2020-03-08,9633925
2020-03-09,9640356
2020-03-10,9646854
2020-03-11,9653383
2020-03-12,9659831
2020-03-13,9666213
2020-03-14,9672703
2020-03-15,9679216
2020-03-16,9685704
2020-03-17,9692213
2020-03-18,9698744
2020-03-19,9705226
2020-03-20,9711662
2020-03-21,9718106
2020-03-22,9724406
2020-03-23,9730854
2020-03-24,9737202
2020-03-25,9743576
2020-03-26,9750054
2020-03-27,9756608
2020-03-28,9763096
2020-03-29,9769669
2020-03-30,9776129
2020-03-31,9782601
2020-04-01,9789154
2020-04-02,9795638
2020-04-03,9802165
2020-04-04,9808656
2020-04-05,9815163
2020-04-06,9821596
2020-04-07,9828150
2020-04-08,9834652
2020-04-09,9841131
2020-04-10,9847646
2020-04-11,9854058
2020-04-12,9860639
2020-04-13,9867149
2020-04-14,9873631
2020-04-15,9880122
2020-04-16,9886591
2020-04-17,9893036
2020-04-18,9899480
2020-04-19,9905967
2020-04-20,9912463
2020-04-21,9918900
2020-04-22,9925381
2020-04-23,9931835
2020-04-24,9938311
2020-04-25,9944729
2020-04-26,9951187
2020-04-27,9957640
2020-04-28,9964060
2020-04-29,9970586
2020-04-30,9976963
2020-05-01,9983438
2020-05-02,9989909
2020-05-03,9996330
2020-05-04,10002871
2020-05-05,10009377
2020-05-06,10015763
2020-05-07,10022218
2020-05-08,10028704
2020-05-09,10035102
2020-05-10,10041595
2020-05-11,10048030
2020-05-12,10054428
2020-05-13,10060912
2020-05-14,10067367
2020-05-15,10073790
2020-05-16,10080192
2020-05-17,10086663
2020-05-18,10093069
2020-05-19,10099455
2020-05-20,10105910
2020-05-21,10112365
2020-05-22,10118718
2020-05-23,10125231
2020-05-24,10131642
2020-05-25,10138005
2020-05-26,10144483
2020-05-27,10150927
2020-05-28,10157340
2020-05-29,10163774
2020-05-30,10170214
2020-05-31,10176689
2020-06-01,10183090
2020-06-02,10189548
2020-06-03,10195949
2020-06-04,10202376
2020-06-05,10208860
2020-06-06,10215295
2020-06-07,10221761
2020-06-08,10228172
2020-06-09,10234652
2020-06-10,10241024
2020-06-11,10247482
2020-06-12,10253988
2020-06-13,10260476
2020-06-14,10267002
2020-06-15,10273464
2020-06-16,10279899
2020-06-17,10286315
2020-06-18,10292765
2020-06-19,10299268
2020-06-20,10305731
2020-06-21,10312236
2020-06-22,10318691
2020-06-23,10325133
2020-06-24,10331616
2020-06-25,10338066
2020-06-26,10344514
2020-06-27,10350879
2020-06-28,10357401
2020-06-29,10363794
2020-06-30,10370273
2020-07-01,10376682
2020-07-02,10383124
2020-07-03,10389599
2020-07-04,10396026
2020-07-05,10402520
2020-07-06,10408977
2020-07-07,10415469
2020-07-08,10421975
2020-07-09,10428405
2020-07-10,10434811
2020-07-11,10441344
2020-07-12,10447835
2020-07-13,10454328
2020-07-14,10460734
2020-07-15,10467199
2020-07-16,10473613
2020-07-17,10480067
2020-07-18,10486593
2020-07-19,10493044
2020-07-20,10499480
2020-07-21,10505860
2020-07-22,10512320
2020-07-23,10518842
2020-07-24,10525344
2020-07-25,10531699
2020-07-26,10538187
2020-07-27,10544631
2020-07-28,10551107
2020-07-29,10557619
2020-07-30,10564005
2020-07-31,10570484
2020-08-01,10577001
2020-08-02,10583487
2020-08-03,10589963
2020-08-04,10596368
2020-08-05,10602825
2020-08-06,10609340
2020-08-07,10615823
2020-08-08,10622280
2020-08-09,10628810
2020-08-10,10635292
2020-08-11,10641760
2020-08-12,10648267
2020-08-13,10654746
2020-08-14,10661250
2020-08-15,10667725
2020-08-16,10674230
2020-08-17,10680628
2020-08-18,10687189
2020-08-19,10693696
2020-08-20,10700230
2020-08-21,10706720
2020-08-22,10713176
2020-08-23,10719753
2020-08-24,10726269
2020-08-25,10732694
2020-08-26,10739263
2020-08-27,10745760
2020-08-28,10752293
2020-08-29,10758801
2020-08-30,10765332
2020-08-31,10771924
2020-09-01,10778455
2020-09-02,10784946
2020-09-03,10791409
2020-09-04,10798016
2020-09-05,10804558
2020-09-06,10811169
2020-09-07,10817639
2020-09-08,10824162
2020-09-09,10830652
2020-09-10,10837162
2020-09-11,10843733
2020-09-12,10850234
2020-09-13,10856779
2020-09-14,10863237
2020-09-15,10869788
2020-09-16,10876242
2020-09-17,10882832
2020-09-18,10889267
2020-09-19,10895793
2020-09-20,10902386
2020-09-21,10908953
2020-09-22,10915392
2020-09-23,10921919
2020-09-24,10928432
2020-09-25,10934884
2020-09-26,10941310
2020-09-27,10947678
2020-09-28,10954082
2020-09-29,10960469
2020-09-30,10966873
2020-10-01,10973298
2020-10-02,10979659
2020-10-03,10986034
2020-10-04,10992407
2020-10-05,10998853
2020-10-06,11005325
2020-10-07,11011662
2020-10-08,11017963
2020-10-09,11024341
2020-10-10,11030850
2020-10-11,11037419
2020-10-12,11043876
2020-10-13,11050450
2020-10-14,11056988
2020-10-15,11063553
2020-10-16,11070049
2020-10-17,11076576
2020-10-18,11083026
2020-10-19,11089620
2020-10-20,11096125
2020-10-21,11102638
2020-10-22,11109176
2020-10-23,11115650
2020-10-24,11122232
2020-10-25,11128711
2020-10-26,11135177
2020-10-27,11141722
2020-10-28,11148273
2020-10-29,11154799
2020-10-30,11161290
2020-10-31,11167816
2020-11-01,11174327
2020-11-02,11180801
2020-11-03,11187319
2020-11-04,11193846
2020-11-05,11200360
2020-11-06,11206899
2020-11-07,11213399
2020-11-08,11219937
2020-11-09,11226444
2020-11-10,11232896
2020-11-11,11239424
2020-11-12,11245936
2020-11-13,11252470
2020-11-14,11259012
2020-11-15,11265558
2020-11-16,11272034
2020-11-17,11278559
2020-11-18,11285015
2020-11-19,11291624
2020-11-20,11298076
2020-11-21,11304642
2020-11-22,11311151
2020-11-23,11317602
2020-11-24,11324169
2020-11-25,11330638
2020-11-26,11337171
2020-11-27,11343588
2020-11-28,11350187
2020-11-29,11356699
2020-11-30,11363269
2020-12-01,11369788
2020-12-02,11376229
2020-12-03,11382788
2020-12-04,11389237
2020-12-05,11395732
2020-12-06,11402290
2020-12-07,11408755
2020-12-08,11415239
2020-12-09,11421842
2020-12-10,11428267
2020-12-11,11434753
2020-12-12,11441244
2020-12-13,11447731
2020-12-14,11454255
2020-12-15,11460744
2020-12-16,11467279
2020-12-17,11473819
2020-12-18,11480310
2020-12-19,11486824
2020-12-20,11493366
2020-12-21,11499870
2020-12-22,11506372
2020-12-23,11512969
2020-12-24,11519439
2020-12-25,11525874
2020-12-26,11532457
2020-12-27,11538965
2020-12-28,11545562
2020-12-29,11551972
2020-12-30,11558516
2020-12-31,11565018
2021-01-01,11571563
2021-01-02,11578164
2021-01-03,11584640
2021-01-04,11591157
2021-01-05,11597689
2021-01-06,11604174
2021-01-07,11610610
2021-01-08,11617203
2021-01-09,11623679
2021-01-10,11630233
2021-01-11,11636761
2021-01-12,11643316
2021-01-13,11649877
2021-01-14,11656283
2021-01-15,11662864
2021-01-16,11669372
2021-01-17,11675866
2021-01-18,11682362
2021-01-19,11688895
2021-01-20,11695473
2021-01-21,11701951
2021-01-22,11708432
2021-01-23,11714973
2021-01-24,11721454
2021-01-25,11727978
2021-01-26,11734492
2021-01-27,11740960
2021-01-28,11747458
2021-01-29,11753911
2021-01-30,11760301
2021-01-31,11766938
2021-02-01,11773427
2021-02-02,11779921
2021-02-03,11786405
2021-02-04,11792921
2021-02-05,11799368
2021-02-06,11805887
2021-02-07,11812441
2021-02-08,11818909
2021-02-09,11825394
2021-02-10,11831922
2021-02-11,11838439
2021-02-12,11844963
2021-02-13,11851386
2021-02-14,11857945
2021-02-15,11864441
2021-02-16,11870926
2021-02-17,11877475
2021-02-18,11883922
2021-02-19,11890499
2021-02-20,11896994
2021-02-21,11903479
2021-02-22,11909975
2021-02-23,11916477
2021-02-24,11922946
2021-02-25,11929461
2021-02-26,11936003
2021-02-27,11942492
2021-02-28,11948959
2021-03-01,11955435
2021-03-02,11961985
2021-03-03,11968393
2021-03-04,11974908
2021-03-05,11981433
2021-03-06,11987996
2021-03-07,11994473
2021-03-08,12000973
2021-03-09,12007406
2021-03-10,12013938
2021-03-11,12020353
2021-03-12,12026823
2021-03-13,12033335
2021-03-14,12039857
2021-03-15,12046294
2021-03-16,12052814
2021-03-17,12059298
2021-03-18,12065799
2021-03-19,12072305
2021-03-20,12078832
2021-03-21,12085253
2021-03-22,12091743
2021-03-23,12098248
2021-03-24,12104732
2021-03-25,12111246
2021-03-26,12117785
2021-03-27,12124270
2021-03-28,12130763
2021-03-29,12137274
2021-03-30,12143792
2021-03-31,12150244
2021-04-01,12156760
2021-04-02,12163214
2021-04-03,12169741
2021-04-04,12176302
2021-04-05,12182812
2021-04-06,12189295
2021-04-07,12195832
2021-04-08,12202287
2021-04-09,12208744
2021-04-10,12215326
2021-04-11,12221872
2021-04-12,12228388
2021-04-13,12234862
2021-04-14,12241311
2021-04-15,12247811
2021-04-16,12254244
2021-04-17,12260711
2021-04-18,12267212
2021-04-19,12273612
2021-04-20,12280192
2021-04-21,12286711
2021-04-22,12293128
2021-04-23,12299578
2021-04-24,12306078
2021-04-25,12312587
2021-04-26,12319058
2021-04-27,12325546
2021-04-28,12332009
2021-04-29,12338493
2021-04-30,12344944
2021-05-01,12351433
2021-05-02,12357851
2021-05-03,12364358
2021-05-04,12370862
2021-05-05,12377380
2021-05-06,12383846
2021-05-07,12390293
2021-05-08,12396779
2021-05-09,12403257
2021-05-10,12409774
2021-05-11,12416221
2021-05-12,12422660
2021-05-13,12429198
2021-05-14,12435675
2021-05-15,12442149
2021-05-16,12448607
2021-05-17,12455026
2021-05-18,12461489
2021-05-19,12467912
2021-05-20,12474375
2021-05-21,12480785
2021-05-22,12487247
2021-05-23,12493701
2021-05-24,12500188
2021-05-25,12506592
2021-05-26,12513023
2021-05-27,12519448
2021-05-28,12525911
2021-05-29,12532378
2021-05-30,12538795
2021-05-31,12545218
2021-06-01,12551696
2021-06-02,12558202
2021-06-03,12564606
2021-06-04,12571125
2021-06-05,12577559
2021-06-06,12584091
2021-06-07,12590522
2021-06-08,12596997
2021-06-09,12603434
2021-06-10,12609896
2021-06-11,12616350
2021-06-12,12622784
2021-06-13,12629257
2021-06-14,12635688
2021-06-15,12642193
2021-06-16,12648592
2021-06-17,12655064
2021-06-18,12661469
2021-06-19,12667895
2021-06-20,12674364
2021-06-21,12680680
2021-06-22,12687117
2021-06-23,12693546
2021-06-24,12699964
2021-06-25,12706306
2021-06-26,12712733
2021-06-27,12719181
2021-06-28,12725647
2021-06-29,12732053
2021-06-30,12738508
2021-07-01,12744858
2021-07-02,12751295
2021-07-03,12757712
2021-07-04,12764170
2021-07-05,12770589
2021-07-06,12777014
2021-07-07,12783404
2021-07-08,12789854
2021-07-09,12796260
2021-07-10,12802707
2021-07-11,12809130
2021-07-12,12815507
2021-07-13,12821814
2021-07-14,12828204
2021-07-15,12834631
2021-07-16,12840970
2021-07-17,12847327
2021-07-18,12853698
2021-07-19,12860133
2021-07-20,12866472
2021-07-21,12872886
2021-07-22,12879308
2021-07-23,12885654
2021-07-24,12892111
2021-07-25,12898512
2021-07-26,12904850
2021-07-27,12911127
2021-07-28,12917418
2021-07-29,12923774
2021-07-30,12930041
2021-07-31,12936339
2021-08-01,12942653
2021-08-02,12949049
2021-08-03,12955395
2021-08-04,12961717
2021-08-05,12968066
2021-08-06,12974517
2021-08-07,12981066
2021-08-08,12987562
2021-08-09,12994067
2021-08-10,13000574
2021-08-11,13006975
2021-08-12,13013485
2021-08-13,13019959
2021-08-14,13026459
2021-08-15,13032879
2021-08-16,13039379
2021-08-17,13045895
2021-08-18,13052294
2021-08-19,13058859
2021-08-20,13065318
2021-08-21,13071749
2021-08-22,13078270
2021-08-23,13084679
2021-08-24,13091188
2021-08-25,13097627
2021-08-26,13104131
2021-08-27,13110562
2021-08-28,13117022
2021-08-29,13123511
2021-08-30,13129983
2021-08-31,13136426
2021-09-01,13142881
2021-09-02,13149422
2021-09-03,13155888
2021-09-04,13162317
2021-09-05,13168846
2021-09-06,13175305
2021-09-07,13181722
2021-09-08,13188217
2021-09-09,13194683
2021-09-10,13201142
2021-09-11,13207538
2021-09-12,13214076
2021-09-13,13220488
2021-09-14,13226949
2021-09-15,13233403
2021-09-16,13239895
2021-09-17,13246362
2021-09-18,13252813
2021-09-19,13259321
2021-09-20,13265753
2021-09-21,13272249
2021-09-22,13278686
2021-09-23,13285097
2021-09-24,13291552
2021-09-25,13298125
2021-09-26,13304527
2021-09-27,13310981
2021-09-28,13317339
2021-09-29,13323751
2021-09-30,13330089
2021-10-01,13336574
2021-10-02,13342962
2021-10-03,13349325
2021-10-04,13355691
2021-10-05,13362102
2021-10-06,13368529
2021-10-07,13374853
2021-10-08,13381270
2021-10-09,13387619
2021-10-10,13393994
2021-10-11,13400376
2021-10-12,13406729
2021-10-13,13413049
2021-10-14,13419379
2021-10-15,13425697
2021-10-16,13432143
2021-10-17,13438528
2021-10-18,13444844
2021-10-19,13451284
2021-10-20,13457638
2021-10-21,13464125
2021-10-22,13470536
2021-10-23,13476884
2021-10-24,13483243
2021-10-25,13489661
2021-10-26,13496075
2021-10-27,13502420
2021-10-28,13508828
2021-10-29,13515196
2021-10-30,13521541
2021-10-31,13527858
2021-11-01,13534281
2021-11-02,13540589
2021-11-03,13546974
2021-11-04,13553256
2021-11-05,13559702
2021-11-06,13566041
2021-11-07,13572493
2021-11-08,13578839
2021-11-09,13585211
2021-11-10,13591593
2021-11-11,13597966
2021-11-12,13604387
2021-11-13,13610713
2021-11-14,13617058
2021-11-15,13623377
2021-11-16,13629631
2021-11-17,13636021
2021-11-18,13642393
2021-11-19,13648625
2021-11-20,13654920
2021-11-21,13661207
2021-11-22,13667574
2021-11-23,13673913
2021-11-24,13680217
2021-11-25,13686520
2021-11-26,13692738
2021-11-27,13699124
2021-11-28,13705380
2021-11-29,13711587
2021-11-30,13717846
2021-12-01,13724083
2021-12-02,13730329
2021-12-03,13736623
2021-12-04,13742800
2021-12-05,13749028
2021-12-06,13755301
2021-12-07,13761567
2021-12-08,13767792
2021-12-09,13774074
2021-12-10,13780501
2021-12-11,13786989
2021-12-12,13793512
2021-12-13,13799998
2021-12-14,13806389
2021-12-15,13812867
2021-12-16,13819264
2021-12-17,13825732
2021-12-18,13832240
2021-12-19,13838693
2021-12-20,13845238
2021-12-21,13851680
2021-12-22,13858106
2021-12-23,13864521
2021-12-24,13870989
2021-12-25,13877449
2021-12-26,13883916
2021-12-27,13890393
2021-12-28,13896835
2021-12-29,13903354
2021-12-30,13909786
2021-12-31,13916165
2022-01-01,13922671
2022-01-02,13929166
2022-01-03,13935627
2022-01-04,13942121
2022-01-05,13948581
2022-01-06,13954973
2022-01-07,13961396
2022-01-08,13967921
2022-01-09,13974426
2022-01-10,13980848
2022-01-11,13987375
2022-01-12,13993832
2022-01-13,14000270
2022-01-14,14006709
2022-01-15,14013195
2022-01-16,14019699
2022-01-17,14026167
2022-01-18,14032629
2022-01-19,14039102
2022-01-20,14045591
2022-01-21,14051984
2022-01-22,14058540
2022-01-23,14064996
2022-01-24,14071445
2022-01-25,14077905
2022-01-26,14084332
2022-01-27,14090826
2022-01-28,14097298
2022-01-29,14103759
2022-01-30,14110298
2022-01-31,14116760
2022-02-01,14123261
2022-02-02,14129715
2022-02-03,14136138
2022-02-04,14142694
2022-02-05,14149081
2022-02-06,14155620
2022-02-07,14162081
2022-02-08,14168511
2022-02-09,14174988
2022-02-10,14181426
2022-02-11,14187946
2022-02-12,14194417
2022-02-13,14200887
2022-02-14,14207338
2022-02-15,14213858
2022-02-16,14220268
2022-02-17,14226744
2022-02-18,14233162
2022-02-19,14239569
2022-02-20,14246087
2022-02-21,14252521
2022-02-22,14258984
2022-02-23,14265471
2022-02-24,14271956
2022-02-25,14278386
2022-02-26,14284846
2022-02-27,14291334
2022-02-28,14297758
2022-03-01,14304253
2022-03-02,14310657
2022-03-03,14317108
2022-03-04,14323604
2022-03-05,14329980
2022-03-06,14336401
2022-03-07,14342847
2022-03-08,14349239
2022-03-09,14355747
2022-03-10,14362227
2022-03-11,14368558
2022-03-12,14375067
2022-03-13,14381394
2022-03-14,14387852
2022-03-15,14394257
2022-03-16,14400648
2022-03-17,14407074
2022-03-18,14413492
2022-03-19,14419941
2022-03-20,14426367
2022-03-21,14432774
2022-03-22,14439220
2022-03-23,14445660
2022-03-24,14452084
2022-03-25,14458508
2022-03-26,14464915
2022-03-27,14471310
2022-03-28,14477773
2022-03-29,14484225
2022-03-30,14490619
2022-03-31,14497033
2022-04-01,14503464
2022-04-02,14509821
2022-04-03,14516247
2022-04-04,14522570
2022-04-05,14529006
2022-04-06,14535424
2022-04-07,14541846
2022-04-08,14548184
2022-04-09,14554613
2022-04-10,14561014
2022-04-11,14567461
2022-04-12,14573907
2022-04-13,14580219
2022-04-14,14586627
2022-04-15,14593048
2022-04-16,14599452
2022-04-17,14605883
2022-04-18,14612233
2022-04-19,14618642
2022-04-20,14625066
2022-04-21,14631356
2022-04-22,14637770
2022-04-23,14644141
2022-04-24,14650514
2022-04-25,14656856
2022-04-26,14663176
2022-04-27,14669557
2022-04-28,14675905
2022-04-29,14682281
2022-04-30,14688629
2022-05-01,14695010
2022-05-02,14701368
2022-05-03,14707705
2022-05-04,14713963
2022-05-05,14720258
2022-05-06,14726563
2022-05-07,14732821
2022-05-08,14739154
2022-05-09,14745349
2022-05-10,14751557
2022-05-11,14757895
2022-05-12,14764083
2022-05-13,14770450
2022-05-14,14776687
2022-05-15,14782976
2022-05-16,14789264
2022-05-17,14795549
2022-05-18,14801795
2022-05-19,14807907
2022-05-20,14814061
2022-05-21,14820221
2022-05-22,14826343
2022-05-23,14832562
2022-05-24,14838636
2022-05-25,14844801
2022-05-26,14850893
2022-05-27,14857111
2022-05-28,14863277
2022-05-29,14869434
2022-05-30,14875530
2022-05-31,14881676
2022-06-01,14887795
2022-06-02,14893954
2022-06-03,14900089
2022-06-04,14905987
2022-06-05,14911926
2022-06-06,14917720
2022-06-07,14923677
2022-06-08,14929560
2022-06-09,14935368
2022-06-10,14941265
2022-06-11,14947131
2022-06-12,14952970
2022-06-13,14958805
2022-06-14,14964552
2022-06-15,14970302
2022-06-16,14976122
2022-06-17,14981992
2022-06-18,14987808
2022-06-19,14993519
2022-06-20,14999390
2022-06-21,15004855
2022-06-22,15010210
2022-06-23,15015519
2022-06-24,15020885
2022-06-25,15026232
2022-06-26,15031542
2022-06-27,15036953
2022-06-28,15042265
2022-06-29,15047597
2022-06-30,15053225
2022-07-01,15059680
2022-07-02,15066168
2022-07-03,15072708
2022-07-04,15079143
2022-07-05,15085620
2022-07-06,15092100
2022-07-07,15098519
2022-07-08,15105072
2022-07-09,15111486
2022-07-10,15117981
2022-07-11,15124465
2022-07-12,15130976
2022-07-13,15137388
2022-07-14,15143928
2022-07-15,15150364
2022-07-16,15156812
2022-07-17,15163238
2022-07-18,15169694
2022-07-19,15176170
2022-07-20,15182613
2022-07-21,15189087
2022-07-22,15195555
2022-07-23,15202011
2022-07-24,15208412
2022-07-25,15214807
2022-07-26,15221187
2022-07-27,15227620
2022-07-28,15234058
2022-07-29,15240481
2022-07-30,15246902
2022-07-31,15253305
2022-08-01,15259746
2022-08-02,15266192
2022-08-03,15272547
2022-08-04,15278936
2022-08-05,15285447
2022-08-06,15291832
2022-08-07,15298282
2022-08-08,15304705
2022-08-09,15311050
2022-08-10,15317425
2022-08-11,15323739
2022-08-12,15330082
2022-08-13,15336462
2022-08-14,15342780
2022-08-15,15349050
2022-08-16,15355431
2022-08-17,15361718
2022-08-18,15368062
2022-08-19,15374318
2022-08-20,15380671
2022-08-21,15387034
2022-08-22,15393298
2022-08-23,15399651
2022-08-24,15405907
2022-08-25,15412117
2022-08-26,15418354
2022-08-27,15424590
2022-08-28,15430829
2022-08-29,15437156
2022-08-30,15443367
2022-08-31,15449617
2022-09-01,15455879
2022-09-02,15462172
2022-09-03,15468372
2022-09-04,15474641
2022-09-05,15480812
2022-09-06,15487071
2022-09-07,15493289
2022-09-08,15499581
2022-09-09,15505646
2022-09-10,15511690
2022-09-11,15517756
2022-09-12,15523803
2022-09-13,15529867
2022-09-14,15535776
2022-09-15,15542503
2022-09-16,15549595
2022-09-17,15556725
2022-09-18,15563855
2022-09-19,15570980
2022-09-20,15578118
2022-09-21,15585172
2022-09-22,15592324
2022-09-23,15599491
2022-09-24,15606659
2022-09-25,15613827
2022-09-26,15620975
2022-09-27,15628116
2022-09-28,15635278
2022-09-29,15642432
2022-09-30,15649594
2022-10-01,15656731
2022-10-02,15663906
2022-10-03,15671063
2022-10-04,15678195
2022-10-05,15685343
2022-10-06,15692500
2022-10-07,15699646
2022-10-08,15706815
2022-10-09,15713977
2022-10-10,15721142
2022-10-11,15728306
2022-10-12,15735470
2022-10-13,15742627
2022-10-14,15749789
2022-10-15,15756956
2022-10-16,15764113
2022-10-17,15771267
2022-10-18,15778435
2022-10-19,15785589
2022-10-20,15792754
2022-10-21,15799919
2022-10-22,15807085
2022-10-23,15814248
2022-10-24,15821368
2022-10-25,15828520
2022-10-26,15835686
2022-10-27,15842848
2022-10-28,15850000
2022-10-29,15857150
2022-10-30,15864318
2022-10-31,15871479
2022-11-01,15878616
2022-11-02,15885772
2022-11-03,15892927
2022-11-04,15900095
2022-11-05,15907252
2022-11-06,15914420
2022-11-07,15921588
2022-11-08,15928753
2022-11-09,15935899
2022-11-10,15943060
2022-11-11,15950211
2022-11-12,15957379
2022-11-13,15964551
2022-11-14,15971718
2022-11-15,15978869
2022-11-16,15986019
2022-11-17,15993178
2022-11-18,16000337
2022-11-19,16007502
2022-11-20,16014665
2022-11-21,16021828
2022-11-22,16028978
2022-11-23,16036115
2022-11-24,16043281
2022-11-25,16050437
2022-11-26,16057596
2022-11-27,16064755
2022-11-28,16071930
2022-11-29,16079082
2022-11-30,16086233
2022-12-01,16093396
2022-12-02,16100563
2022-12-03,16107726
2022-12-04,16114880
2022-12-05,16122024
2022-12-06,16129194
2022-12-07,16136269
2022-12-08,16143430
2022-12-09,16150582
2022-12-10,16157747
2022-12-11,16164907
2022-12-12,16172063
2022-12-13,16179214
2022-12-14,16186377
2022-12-15,16193533
2022-12-16,16200693
2022-12-17,16207856
2022-12-18,16215018
2022-12-19,16222182
2022-12-20,16229350
2022-12-21,16236513
2022-12-22,16243691
2022-12-23,16250871
2022-12-24,16258037
2022-12-25,16265205
2022-12-26,16272367
2022-12-27,16279523
2022-12-28,16286696
2022-12-29,16293857
2022-12-30,16301023
2022-12-31,16308189
2023-01-01,16315361
2023-01-02,16322532
2023-01-03,16329700
2023-01-04,16336870
2023-01-05,16344023
2023-01-06,16351183
2023-01-07,16358346
2023-01-08,16365511
2023-01-09,16372678
2023-01-10,16379844
2023-01-11,16386999
2023-01-12,16394155
2023-01-13,16401317
2023-01-14,16408487
2023-01-15,16415633
2023-01-16,16422793
2023-01-17,16429964
2023-01-18,16437129
2023-01-19,16444289
2023-01-20,16451457
2023-01-21,16458620
2023-01-22,16465780
2023-01-23,16472945
2023-01-24,16480111
2023-01-25,16487269
2023-01-26,16494435
2023-01-27,16501588
2023-01-28,16508757
2023-01-29,16515916
2023-01-30,16523084
2023-01-31,16530247
2023-02-01,16537406
2023-02-02,16544547
2023-02-03,16551700
2023-02-04,16558856
2023-02-05,16566022
2023-02-06,16573189
2023-02-07,16580337
2023-02-08,16587476
2023-02-09,16594631
2023-02-10,16601799
2023-02-11,16608957
2023-02-12,16616115
2023-02-13,16623274
2023-02-14,16630422
2023-02-15,16637574
2023-02-16,16644732
2023-02-17,16651829
2023-02-18,16658938
2023-02-19,16666055
2023-02-20,16673184
2023-02-21,16680299
2023-02-22,16687395
2023-02-23,16694513
2023-02-24,16701598
2023-02-25,16708710
2023-02-26,16715829
2023-02-27,16722962
2023-02-28,16730071
2023-03-01,16737189
2023-03-02,16744288
2023-03-03,16751387
2023-03-04,16758495
2023-03-05,16765615
2023-03-06,16772727
2023-03-07,16779843
2023-03-08,16786948
2023-03-09,16794061
2023-03-10,16801143
2023-03-11,16808257
2023-03-12,16815366
2023-03-13,16822491
2023-03-14,16829609
2023-03-15,16836710
2023-03-16,16843829
2023-03-17,16850945
2023-03-18,16858066
2023-03-19,16865180
2023-03-20,16872312
2023-03-21,16879427
2023-03-22,16886552
2023-03-23,16893656
2023-03-24,16900777
2023-03-25,16907899
2023-03-26,16915021
2023-03-27,16922136
2023-03-28,16929247
2023-03-29,16936360
2023-03-30,16943478
2023-03-31,16950602
2023-04-01,16957716
2023-04-02,16964815
2023-04-03,16971893
2023-04-04,16978914
2023-04-05,16985956
2023-04-06,16992951
2023-04-07,17000009
2023-04-08,17007071
2023-04-09,17014116
2023-04-10,17021180
2023-04-11,17028241
2023-04-12,17035257
2023-04-13,17041765
2023-04-14,17048771
2023-04-15,17055791
2023-04-16,17062833
2023-04-17,17069898
2023-04-18,17076966
2023-04-19,17084047
2023-04-20,17091074
2023-04-21,17098172
2023-04-22,17105309
2023-04-23,17112440
2023-04-24,17119571
2023-04-25,17126694
2023-04-26,17133819
2023-04-27,17140929
2023-04-28,17148050
2023-04-29,17155163
2023-04-30,17162286
2023-05-01,17169395
2023-05-02,17176506
2023-05-03,17183606
2023-05-04,17190729
2023-05-05,17197858
2023-05-06,17204967
2023-05-07,17212079
2023-05-08,17219194
2023-05-09,17226306
2023-05-10,17233413
2023-05-11,17240455
2023-05-12,17247372
2023-05-13,17254452
2023-05-14,17261504
2023-05-15,17268587
2023-05-16,17275671
2023-05-17,17282744
2023-05-18,17289856
2023-05-19,17296940
2023-05-20,17304050
2023-05-21,17311145
2023-05-22,17318255
2023-05-23,17325349
2023-05-24,17332461
2023-05-25,17339571
2023-05-26,17346691
2023-05-27,17353817
2023-05-28,17360947
2023-05-29,17368060
2023-05-30,17375164
2023-05-31,17382265
2023-06-01,17389364
2023-06-02,17396454
2023-06-03,17403555
2023-06-04,17410645
2023-06-05,17417719
2023-06-06,17424814
2023-06-07,17431903
2023-06-08,17438980
2023-06-09,17446080
2023-06-10,17453185
2023-06-11,17460280
2023-06-12,17467383
2023-06-13,17474496
2023-06-14,17481592
2023-06-15,17488699
2023-06-16,17495819
2023-06-17,17502961
2023-06-18,17510087
2023-06-19,17517208
2023-06-20,17524328
2023-06-21,17531463
2023-06-22,17538577
2023-06-23,17545688
2023-06-24,17552798
2023-06-25,17559907
2023-06-26,17567012
2023-06-27,17574109
2023-06-28,17581253
2023-06-29,17588385
2023-06-30,17595509
2023-07-01,17602619
2023-07-02,17609749
2023-07-03,17616861
2023-07-04,17623973
2023-07-05,17631107
2023-07-06,17638224
2023-07-07,17645346
2023-07-08,17652459
2023-07-09,17659571
2023-07-10,17666674
2023-07-11,17673788
2023-07-12,17680897
2023-07-13,17688001
2023-07-14,17695109
2023-07-15,17702169
2023-07-16,17709272
2023-07-17,17716409
2023-07-18,17723537
2023-07-19,17730666
2023-07-20,17737810
2023-07-21,17744950
2023-07-22,17752101
2023-07-23,17759249
2023-07-24,17766398
2023-07-25,17773538
2023-07-26,17780691
2023-07-27,17787837
2023-07-28,17794981
2023-07-29,17802130
2023-07-30,17809274
2023-07-31,17816433
2023-08-01,17823594
2023-08-02,17830755
2023-08-03,17837900
2023-08-04,17845052
2023-08-05,17852207
2023-08-06,17859345
2023-08-07,17866487
2023-08-08,17873630
2023-08-09,17880776
2023-08-10,17887922
2023-08-11,17895070
2023-08-12,17902216
2023-08-13,17909373
2023-08-14,17916525
2023-08-15,17923675
2023-08-16,17930827
2023-08-17,17937967
2023-08-18,17945108
2023-08-19,17952251
2023-08-20,17959393
2023-08-21,17966537
2023-08-22,17973691
2023-08-23,17980849
2023-08-24,17987994
2023-08-25,17995139
2023-08-26,18002284
2023-08-27,18009426
2023-08-28,18016573
2023-08-29,18023703
2023-08-30,18030841
2023-08-31,18037987
2023-09-01,18045129
2023-09-02,18052253
2023-09-03,18059398
2023-09-04,18066560
2023-09-05,18073701
2023-09-06,18080834
2023-09-07,18087986
2023-09-08,18095125
2023-09-09,18102262
2023-09-10,18109400
2023-09-11,18116543
2023-09-12,18123677
2023-09-13,18130808
2023-09-14,18137928
2023-09-15,18145019
2023-09-16,18152099
2023-09-17,18159142
2023-09-18,18166254
2023-09-19,18173391
2023-09-20,18180541
2023-09-21,18187681
2023-09-22,18194808
2023-09-23,18201950
2023-09-24,18209090
2023-09-25,18216238
2023-09-26,18223384
2023-09-27,18230530
2023-09-28,18237665
2023-09-29,18244804
2023-09-30,18251964
2023-10-01,18259123
2023-10-02,18266292
2023-10-03,18273436
2023-10-04,18280592
2023-10-05,18287743
2023-10-06,18294893
2023-10-07,18302048
2023-10-08,18309197
2023-10-09,18316339
2023-10-10,18323489
2023-10-11,18330624
2023-10-12,18337768
2023-10-13,18344906
2023-10-14,18352058
2023-10-15,18359212
2023-10-16,18366378
2023-10-17,18373528
2023-10-18,18380671
2023-10-19,18387818
2023-10-20,18394974
2023-10-21,18402121
2023-10-22,18409265
2023-10-23,18416406
2023-10-24,18423549
2023-10-25,18430676
2023-10-26,18437825
2023-10-27,18444982
2023-10-28,18452127
2023-10-29,18459268
2023-10-30,18466407
2023-10-31,18473542
2023-11-01,18480693
2023-11-02,18487824
2023-11-03,18494963
2023-11-04,18502098
2023-11-05,18509232
2023-11-06,18516372
2023-11-07,18523522
2023-11-08,18530675
2023-11-09,18537826
2023-11-10,18544979
2023-11-11,18552122
2023-11-12,18559266
2023-11-13,18566418
2023-11-14,18573578
2023-11-15,18580726
2023-11-16,18587881
2023-11-17,18595030
2023-11-18,18602144
2023-11-19,18609283
2023-11-20,18616430
2023-11-21,18623573
2023-11-22,18630715
2023-11-23,18637860
2023-11-24,18644994
2023-11-25,18652139
2023-11-26,18659274
2023-11-27,18666410
2023-11-28,18673555
2023-11-29,18680705
2023-11-30,18687850
2023-12-01,18695001
2023-12-02,18702158
2023-12-03,18709288
2023-12-04,18716438
2023-12-05,18723578
2023-12-06,18730701
2023-12-07,18737828
2023-12-08,18744962
2023-12-09,18752097
2023-12-10,18759246
2023-12-11,18766392
2023-12-12,18773538
2023-12-13,18780675
2023-12-14,18787803
2023-12-15,18794937
2023-12-16,18802045
2023-12-17,18809167
2023-12-18,18816303
2023-12-19,18823417
2023-12-20,18830533
2023-12-21,18837677
2023-12-22,18844808
2023-12-23,18851935
2023-12-24,18859050
2023-12-25,18866156
2023-12-26,18873298
2023-12-27,18880406
2023-12-28,18887534
2023-12-29,18894649
2023-12-30,18901757
2023-12-31,18908894
2024-01-01,18916001
2024-01-02,18923123
2024-01-03,18930252
2024-01-04,18937380
2024-01-05,18944480
2024-01-06,18951538
2024-01-07,18958621
2024-01-08,18965710
2024-01-09,18972837
2024-01-10,18979977
2024-01-11,18987103
2024-01-12,18994253
2024-01-13,19001406
2024-01-14,19008564
2024-01-15,19015723
2024-01-16,19022889
2024-01-17,19030032
2024-01-18,19037185
2024-01-19,19044348
2024-01-20,19051514
2024-01-21,19058586
2024-01-22,19065670
2024-01-23,19072787
2024-01-24,19079928
2024-01-25,19087066
2024-01-26,19094207
2024-01-27,19101333
2024-01-28,19108471
2024-01-29,19115608
2024-01-30,19122759
2024-01-31,19129888
2024-02-01,19137015
2024-02-02,19144138
2024-02-03,19151255
2024-02-04,19158366
2024-02-05,19165489
2024-02-06,19172614
2024-02-07,19179746
2024-02-08,19186866
2024-02-09,19194000
2024-02-10,19201122
2024-02-11,19208242
2024-02-12,19215377
2024-02-13,19222505
2024-02-14,19229624
2024-02-15,19236754